Abkhazian	abk_wikipedia_2012	17,708 words	Open
Abkhazian	abk_wikipedia_2021	49,098 words	Open
Achinese	ace_wikipedia_2021	100,432 words	Open
Acoli	ach_newscrawl_2011	4,952 words	Open
Afrikaans	afr_mixed_2013	85,078,293 words	Open
Afrikaans	afr_mixed_2014	159,354,667 words	Open
Afrikaans	afr_mixed_2019	287,768,130 words	Open
Afrikaans	afr_news_2019	350,985 words	Open
Afrikaans	afr_news_2020	599,225 words	Open
Afrikaans	afr_wikipedia_2018_300K	5,429,842 words	Open
Afrikaans	afr_wikipedia_2021	10,843,289 words	Open
Afrikaans	afr-na_web_2013	848,261 words	Open
Afrikaans	afr-na_web_2019	2,502,070 words	Open
Afrikaans	afr-za_web_2013	47,742,725 words	Open
Afrikaans	afr-za_web_2018_1M	17,511,059 words	Open
Afrikaans	afr-za_web_2019	14,483,312 words	Open
Akan	aka_wikipedia_2012	7,034 words	Open
Akan	aka_wikipedia_2018	17,315 words	Open
Akan Twi	Masakhane - Twi	36,730 words	Open
Albanian	sqi_community_2017	81,124,940 words	Open
Albanian	sqi_news_2019	21,198,328 words	Open
Albanian	sqi_news_2020	33,045,980 words	Open
Albanian	sqi_newscrawl_2011	5,677,601 words	Open
Albanian	sqi_wikipedia_2021	10,233,173 words	Open
Amharic	amh_community_2017	622,781 words	Open
Amharic	amh_wikipedia_2011	280,628 words	Open
Amharic	amh_wikipedia_2018_30K	386,816 words	Open
Amharic	amh_wikipedia_2021	522,475 words	Open
Anaang	anw_community_2017	409,670 words	Open
Arabic	ara_news_2005-2009	41,189,286 words	Open
Arabic	ara_news_2019	18,656,789 words	Open
Arabic	ara_news_2020	35,244,386 words	Open
Arabic	ara_news_2022	31,738,526 words	Open
Arabic	ara_newscrawl_2013_1M	20,360,690 words	Open
Arabic	ara_wikipedia_2018_1M	18,646,257 words	Open
Arabic	ara_wikipedia_2021	69,399,879 words	Open
Arabic	ara-ae_newscrawl-OSIAN_2018	770,527 words	Open
Arabic	ara-ae_web_2019	33,594,776 words	Open
Arabic	ara-au_newscrawl-OSIAN_2018	638,416 words	Open
Arabic	ara-ca_newscrawl-OSIAN_2018	2,524,834 words	Open
Arabic	ara-cn_newscrawl-OSIAN_2018	161,501 words	Open
Arabic	ara-com_newscrawl-OSIAN_2018	6,858,694 words	Open
Arabic	ara-de_newscrawl-OSIAN_2018	23,763,587 words	Open
Arabic	ara-dz_newscrawl-OSIAN_2018	71,719,875 words	Open
Arabic	ara-eg_newscrawl-OSIAN_2018	8,703,955 words	Open
Arabic	ara-fr_newscrawl-OSIAN_2018	16,055,808 words	Open
Arabic	ara-international_newscrawl-OSIAN_2018	28,258,388 words	Open
Arabic	ara-iq_newscrawl-OSIAN_2018	2,747,153 words	Open
Arabic	ara-ir_newscrawl-OSIAN_2018	19,822,392 words	Open
Arabic	ara-jo_newscrawl-OSIAN_2018	2,802,457 words	Open
Arabic	ara-ma_newscrawl-OSIAN_2018	11,958,364 words	Open
Arabic	ara-middleeast_newscrawl-OSIAN_2018	19,961,731 words	Open
Arabic	ara-ps_newscrawl-OSIAN_2018	3,081,013 words	Open
Arabic	ara-qa_newscrawl-OSIAN_2018	748,446 words	Open
Arabic	ara-ru_newscrawl-OSIAN_2018	4,917,056 words	Open
Arabic	ara-sa_newscrawl-OSIAN_2018	325,859 words	Open
Arabic	ara-se_newscrawl-OSIAN_2018	5,219,083 words	Open
Arabic	ara-sy_newscrawl-OSIAN_2018	2,617,426 words	Open
Arabic	ara-tn_newscrawl-OSIAN_2018	72,357,865 words	Open
Arabic	ara-tr_newscrawl-OSIAN_2018	5,569,456 words	Open
Arabic	ara-uk_newscrawl-OSIAN_2018	2,256,288 words	Open
Aragonese	arg_wikipedia_2011	201,773 words	Open
Aragonese	arg_wikipedia_2018_30K	586,463 words	Open
Aragonese	arg_wikipedia_2021	1,035,160 words	Open
Armenian	hye_community_2017	22,353,841 words	Open
Armenian	hye_news_2019	269,588 words	Open
Armenian	hye_news_2020	1,390,933 words	Open
Armenian	hye_newscrawl_2011	2,212,515 words	Open
Armenian	hye_wikipedia_2021	20,660,289 words	Open
Assamese	asm_community_2017	814,549 words	Open
Assamese	asm_wikipedia_2012	146,600 words	Open
Assamese	asm_wikipedia_2018_30K	418,010 words	Open
Assamese	asm_wikipedia_2021	1,578,202 words	Open
Assyrian Neo-Aramaic	aii_wikipedia_2012	18,715 words	Open
Assyrian Neo-Aramaic	aii_wikipedia_2021	13,988 words	Open
Avaric	ava_wikipedia_2012	28,973 words	Open
Avaric	ava_wikipedia_2021	67,460 words	Open
Aymara	aym_wikipedia_2012	20,921 words	Open
Aymara	aym_wikipedia_2021	50,448 words	Open
Azerbaijani	aze_news_2019	1,015,013 words	Open
Azerbaijani	aze_news_2020	553,139 words	Open
Azerbaijani	aze_newscrawl_2011	8,587,266 words	Open
Azerbaijani	aze_wikipedia_2018_1M	12,752,614 words	Open
Azerbaijani	aze_wikipedia_2021	14,980,502 words	Open
Balinese	ban_wikipedia_2021	192,302 words	Open
Bambara	bam_wikipedia_2012	26,199 words	Open
Bambara	bam_wikipedia_2021	22,906 words	Open
Banjar	bjn_community_2017	106,433 words	Open
Banjar	bjn_wikipedia_2012	68,862 words	Open
Banjar	bjn_wikipedia_2021	208,712 words	Open
Bashkir	bak_community_2017	2,935,279 words	Open
Bashkir	bak_wikipedia_2011	126,416 words	Open
Bashkir	bak_wikipedia_2018_100K	1,314,942 words	Open
Bashkir	bak_wikipedia_2021	2,662,622 words	Open
Basque	eus_news_2019	417,781 words	Open
Basque	eus_news_2020	695,541 words	Open
Basque	eus_web_2002	4,827,201 words	Open
Basque	eus_wikipedia_2021	9,575,822 words	Open
Bavarian	bar_wikipedia_2012	856,750 words	Open
Bavarian	bar_wikipedia_2018_100K	1,520,912 words	Open
Bavarian	bar_wikipedia_2021	1,576,193 words	Open
Belarusian	bel_news_2019	3,827,464 words	Open
Belarusian	bel_news_2020	3,982,003 words	Open
Belarusian	bel_newscrawl_2011	6,679,119 words	Open
Belarusian	bel_wikipedia_2018_300K	4,145,186 words	Open
Belarusian	bel_wikipedia_2021	7,673,417 words	Open
Bengali	ben_community_2017	16,350,844 words	Open
Bengali	ben_news_2019	6,234,184 words	Open
Bengali	ben_news_2020	5,752,980 words	Open
Bengali	ben_newscrawl_2011	1,432,421 words	Open
Bengali	ben_newscrawl_2014_300K	3,976,401 words	Open
Bengali	ben_wikipedia_2018_300K	3,746,808 words	Open
Bengali	ben_wikipedia_2021	19,935,774 words	Open
Bengali	ben-in_web_2019	16,984,962 words	Open
Bikol	bik_community_2017	224,618 words	Open
Bikol	bik_wikipedia_2012	171,435 words	Open
Bikol	bik_wikipedia_2018_10K	168,020 words	Open
Bikol	bik_wikipedia_2021	683,461 words	Open
Bishnupriya	bpy_wikipedia_2011	392,319 words	Open
Bishnupriya	bpy_wikipedia_2021	627,925 words	Open
Bislama	bis_wikipedia_2021	6,465 words	Open
Bosnian	bos_community_2017	12,195,172 words	Open
Bosnian	bos_news_2019	2,757,026 words	Open
Bosnian	bos_news_2020	5,967,522 words	Open
Bosnian	bos_wikipedia_2018_300K	4,607,847 words	Open
Bosnian	bos_wikipedia_2021	6,502,964 words	Open
Breton	bre_wikipedia_2007	836,252 words	Open
Breton	bre_wikipedia_2018_100K	1,704,721 words	Open
Breton	bre_wikipedia_2021	2,539,935 words	Open
Buginese	bug_wikipedia_2021	6,539 words	Open
Bulgarian	bul_news_2011_1M	16,572,609 words	Open
Bulgarian	bul_news_2019	22,142,182 words	Open
Bulgarian	bul_news_2020	44,087,011 words	Open
Bulgarian	bul_news_2022	32,062,211 words	Open
Bulgarian	bul_newscrawl_2011	9,172,885 words	Open
Bulgarian	bul_wikipedia_2018_1M	15,621,779 words	Open
Bulgarian	bul_wikipedia_2021	21,667,409 words	Open
Buriat	bua_wikipedia_2012	13,242 words	Open
Buriat	bua_wikipedia_2018_10K	135,396 words	Open
Buriat	bua_wikipedia_2021	148,166 words	Open
Burmese	mya_news_2020	95,193 words	Open
Burmese	mya_wikipedia_2021	95,165 words	Open
Burmese	mya-mm_web_2019	225,051 words	Open
Catalan	cat_news_2019	14,345,108 words	Open
Catalan	cat_news_2020	15,272,003 words	Open
Catalan	cat_news_2022	19,634,867 words	Open
Catalan	cat_newscrawl_2016	79,635,785 words	Open
Catalan	cat_web_2004	116,679,372 words	Open
Catalan	cat_wikipedia_2021	74,244,921 words	Open
Cebuano	ceb_community_2017	10,008,411 words	Open
Cebuano	ceb_wikipedia_2011	169,713 words	Open
Cebuano	ceb_wikipedia_2021	42,548,791 words	Open
Central Bicolano	bcl_community_2017	272,190 words	Open
Central Bicolano	bcl_wikipedia_2011	166,562 words	Open
Central Khmer	khm_news_2020	7,184 words	Open
Central Khmer	khm_newscrawl_2011	12,249 words	Open
Central Khmer	khm_wikipedia_2021	23,604 words	Open
Central Kurdish	ckb_wikipedia_2021	1,838,565 words	Open
Chamorro	cha_wikipedia_2021	10,277 words	Open
Chavacano	cbk_wikipedia_2012	111,203 words	Open
Chavacano	cbk_wikipedia_2021	112,261 words	Open
Chechen	che_community_2017	295,023 words	Open
Chechen	che_wikipedia_2012	228,955 words	Open
Chechen	che_wikipedia_2021	769,066 words	Open
Cherokee	chr_wikipedia_2012	257,181 words	Open
Cherokee	chr_wikipedia_2021	12,750 words	Open
Chuvash	chv_community_2017	691,142 words	Open
Chuvash	chv_wikipedia_2011	568,302 words	Open
Chuvash	chv_wikipedia_2021	655,236 words	Open
Classical Nahuatl	nci_wikipedia_2011	49,883 words	Open
Cornish	cor_wikipedia_2012	27,029 words	Open
Cornish	cor_wikipedia_2021	127,170 words	Open
Corsican	cos_wikipedia_2011	136,376 words	Open
Corsican	cos_wikipedia_2021	267,832 words	Open
Crimean Turkish	crh_wikipedia_2012	50,536 words	Open
Crimean Turkish	crh_wikipedia_2021	62,089 words	Open
Croatian	hrv_news_2019	16,620,826 words	Open
Croatian	hrv_news_2020	23,216,948 words	Open
Croatian	hrv_wikipedia_2021	15,078,411 words	Open
Croatian	hrv-hr_web_2019	851,293,167 words	Open
Croatian	scr_wikipedia_2012	1,429,595 words	Open
Czech	ces_mixed_2012	475,937,089 words	Open
Czech	ces_news_2012_1M	14,423,678 words	Open
Czech	ces_news_2019	30,715,084 words	Open
Czech	ces_news_2020	43,933,105 words	Open
Czech	ces_news_2022	35,486,166 words	Open
Czech	ces_news_2023	33,724,425 words	Open
Czech	ces_news_2024	26,466,364 words	Open
Czech	ces_newscrawl_2019	314,786,342 words	Open
Czech	ces_wikipedia_2021	46,127,767 words	Open
Czech	ces-cz_web-public_2019	342,077,503 words	Open
Danish	dan_mixed_2012_deu	3,298,875 words	Open
Danish	dan_mixed-freqdic_2018	1,362,001,011 words	Open
Danish	dan_news_2012_1M	17,760,977 words	Open
Danish	dan_news_2019	17,709,886 words	Open
Danish	dan_news_2020	26,127,306 words	Open
Danish	dan_news_2022	13,806,277 words	Open
Danish	dan_newscrawl_2019	133,577,990 words	Open
Danish	dan_newscrawl_2023	135,076,850 words	Open
Danish	dan_web_2002	71,100,845 words	Open
Danish	dan_wikipedia_2021	18,655,335 words	Open
Danish	dan-dk_web_2019	639,365,252 words	Open
Danish	dan-dk_web-public_2019	585,531,764 words	Open
Dari	prs_community_2017	1,703,545 words	Open
Dimli	diq_community_2017	360,523 words	Open
Dimli	diq_wikipedia_2011	218,654 words	Open
Dimli	diq_wikipedia_2021	412,342 words	Open
Dutch	nld_news_2012_300K	4,545,366 words	Open
Dutch	nld_news_2019	55,194,215 words	Open
Dutch	nld_news_2020	97,450,149 words	Open
Dutch	nld_news_2022	94,900,875 words	Open
Dutch	nld_news_2023	94,613,920 words	Open
Dutch	nld_news_2024	78,915,780 words	Open
Dutch	nld_newscrawl_2019	425,567,380 words	Open
Dutch	nld_web_2002	327,547,171 words	Open
Dutch	nld_wikipedia_2021	99,220,745 words	Open
Dutch	nld-nl_web_2019	430,965,582 words	Open
Dutch	nld-nl_web-public_2019	700,401,195 words	Open
Eastern Mari	mhr_wikipedia_2012	93,949 words	Open
Eastern Mari	mhr_wikipedia_2021	251,195 words	Open
Eastern Yiddish	ydd_community_2017	450,024 words	Open
Egyptian Arabic	arz_wikipedia_2011	515,924 words	Open
Egyptian Arabic	arz_wikipedia_2021	3,100,369 words	Open
Emiliano-Romagnolo	eml_wikipedia_2012	180,317 words	Open
Emiliano-Romagnolo	eml_wikipedia_2021	669,110 words	Open
English	eng_news_2008	939,232,830 words	Open
English	eng_news_2012	162,381,536 words	Open
English	eng_news_2012_3M	57,861,360 words	Open
English	eng_news_2013_1M	19,140,731 words	Open
English	eng_news_2016	3,054,399,007 words	Open
English	eng_news_2018	885,492,664 words	Open
English	eng_news_2019	567,900,223 words	Open
English	eng_news_2020	619,035,649 words	Open
English	eng_news_2023	5,080,061,521 words	Open
English	eng_news_2023_topic	5,080,061,521 words	Open
English	eng_news_2023_topic2	936,595,535 words	Open
English	eng_news_2024	1,321,169,059 words	Open
English	eng_news_2025	2,297,299,417 words	Open
English	eng_news-economy_2023	98,409,588 words	Open
English	eng_newscrawl-public_2018	930,147,569 words	Open
English	eng_private-dikusa-hait_2023	1,432,071 words	Open
English	eng_wikipedia_2021	1,738,031,242 words	Open
English	eng-com_web-public_2018	810,687,668 words	Open
English	eng-games_web_2017	6,206,360 words	Open
English	eng-simple_wikipedia_2021	9,190,360 words	Open
English	eng-uk_web_2002	916,615,928 words	Open
English	eng-uk_web_2012	116,748,737 words	Open
English	eng-uk_web_2019	717,010,846 words	Open
English	eng-uk_web-public_2018	661,460,192 words	Open
English	SemCor 3.0	664,039 words	Open
Erzya	myv_wikipedia_2012	46,339 words	Open
Erzya	myv_wikipedia_2021	121,667 words	Open
Esperanto	epo_mixed_2012	42,823,256 words	Open
Esperanto	epo_wikipedia_2021	13,013,483 words	Open
Estonian	est_news	38,829,024 words	Open
Estonian	est_news_2011_300K	4,160,233 words	Open
Estonian	est_news_2019	5,830,128 words	Open
Estonian	est_news_2020	9,241,198 words	Open
Estonian	est_news_2022	8,104,107 words	Open
Ewe	ewe_community_2017	172,660 words	Open
Ewe	ewe_wikipedia_2021	16,483 words	Open
Extremaduran	ext_wikipedia_2012	163,000 words	Open
Extremaduran	ext_wikipedia_2021	224,401 words	Open
Faroese	fao_news_2020	500,762 words	Open
Faroese	fao_newscrawl_2011	131,918 words	Open
Faroese	fao_wikipedia_2021	627,069 words	Open
Fiji Hindi	hif_wikipedia_2011	182,292 words	Open
Fiji Hindi	hif_wikipedia_2021	180,557 words	Open
Fijian	fij_newscrawl_2011	17,948 words	Open
Fijian	fij_wikipedia_2021	36,804 words	Open
Finnish	fin_news_2012_300K	3,208,817 words	Open
Finnish	fin_news_2019	13,521,614 words	Open
Finnish	fin_news_2020	20,753,877 words	Open
Finnish	fin_news_2022	12,433,332 words	Open
Finnish	fin_web_2002	53,460,600 words	Open
Finnish	fin_wikipedia_2021	36,402,567 words	Open
Finnish	fin-fi_web_2019	314,977,242 words	Open
Francoprovençal	frp_wikipedia_2021	49,319 words	Open
French	fra_mixed_2012	328,440,776 words	Open
French	fra_news_2011_3M	60,767,318 words	Open
French	fra_news_2019	83,136,685 words	Open
French	fra_news_2020	145,991,552 words	Open
French	fra_news_2022	129,086,560 words	Open
French	fra_news_2023	124,581,424 words	Open
French	fra_news_2024	110,395,053 words	Open
French	fra_newscrawl-public_2019	425,676,666 words	Open
French	fra_wikipedia_2021	201,249,991 words	Open
French	fra-pf_web_2019	17,508,614 words	Open
French	fra-re_web_2019	21,323,656 words	Open
Friulian	fur_wikipedia_2012	87,003 words	Open
Friulian	fur_wikipedia_2021	183,546 words	Open
Fulah	ful_wikipedia_2012	7,945 words	Open
Gagauz	gag_wikipedia_2012	98,139 words	Open
Gagauz	gag_wikipedia_2021	58,973 words	Open
Galician	glg_community_2017	4,559,896 words	Open
Galician	glg_wikipedia_2012	4,621,773 words	Open
Galician	glg_wikipedia_2021	14,436,623 words	Open
Gan Chinese	gan_community_2017	26,473 words	Open
Gan Chinese	gan_wikipedia_2021	9,188 words	Open
Ganda	lug_community_2017	1,229,008 words	Open
Ganda	lug_newscrawl_2011	24,952 words	Open
Ganda	lug_newscrawl_2013	161,806 words	Open
Ganda	lug_newscrawl_2016	6,154,303 words	Open
Ganda	lug_wikipedia_2021	200,816 words	Open
Georgian	kat_mixed_2017	618,777,314 words	Open
Georgian	kat_news_2019	1,788,589 words	Open
Georgian	kat_news_2020	2,788,576 words	Open
Georgian	kat_newscrawl_2011	9,847,653 words	Open
Georgian	kat_newscrawl_2017	5,578,326 words	Open
Georgian	kat_wikipedia_2021	9,914,026 words	Open
Georgian	kat-ge_web_2017	395,131,617 words	Open
Georgian	kat-ge_web_2019	519,391,139 words	Open
German	Briefe und Akten zur Kirchenpolitik Friedrichs des Weisen und Johanns des Beständigen 1513 bis 1532. Reformation im Kontext frühneuzeitlicher Staatswerdung	406,108 words	Open
German	deu_mixed_2011_dan	3,891,911 words	Open
German	deu_news_2008_100K	1,550,991 words	Open
German	deu_news_2008_10K	154,440 words	Open
German	deu_news_2010_100K	1,583,692 words	Open
German	deu_news_2010_10K	159,502 words	Open
German	deu_news_2010_1M	15,816,015 words	Open
German	deu_news_2011	455,648,290 words	Open
German	deu_news_2012_3M	47,128,785 words	Open
German	deu_news_2013	498,026,145 words	Open
German	deu_news_2014	545,755,833 words	Open
German	deu_news_2015	511,061,930 words	Open
German	deu_news_2016	303,156,629 words	Open
German	deu_news_2017	339,875,170 words	Open
German	deu_news_2018	165,674,886 words	Open
German	deu_news_2019	313,704,292 words	Open
German	deu_news_2020	522,635,195 words	Open
German	deu_news_2020-2022	1,503,188,784 words	Open
German	deu_news_2021	501,902,789 words	Open
German	deu_news_2022	478,650,800 words	Open
German	deu_news_2023	498,258,105 words	Open
German	deu_news_2024	541,760,183 words	Open
German	deu_news_2025	560,056,642 words	Open
German	deu_news-gnd_2010_10K	159,502 words	Open
German	deu_newscrawl_2011	397,957,921 words	Open
German	deu_newscrawl-hyphen_2011	395,083,504 words	Open
German	deu_newscrawl-public_2018	691,726,437 words	Open
German	deu_typical-mixed_2018	389,243,130 words	Open
German	deu_wikipedia_2018	411,930,030 words	Open
German	deu_wikipedia_2021	311,793,480 words	Open
German	deu_wikipedia-gnd_2021	1,061,599,789 words	Open
German	deu_wikipedia-WebCAGe_2012	111,158 words	Open
Gilaki	glk_community_2017	20,631,842 words	Open
Gilaki	glk_wikipedia_2011	138,994 words	Open
Gilaki	glk_wikipedia_2021	141,310 words	Open
Goan Konkani	gom_community_2017	502,245 words	Open
Goan Konkani	gom_newscrawl_2011	470,919 words	Open
Goan Konkani	gom_wikipedia_2021	256,871 words	Open
Gorontalo	gor_wikipedia_2021	69,770 words	Open
Guarani	grn_community_2017	173,909 words	Open
Guarani	grn_wikipedia_2012	143,408 words	Open
Guarani	grn_wikipedia_2021	195,465 words	Open
Gujarati	guj_news_2020	544,554 words	Open
Gujarati	guj_newscrawl_2011	11,293,556 words	Open
Gujarati	guj_newscrawl_2014_1M	13,632,855 words	Open
Gujarati	guj_wikipedia_2021	3,465,692 words	Open
Haitian Creole	hat_community_2017	269,709 words	Open
Haitian Creole	hat_wikipedia_2011	209,662 words	Open
Haitian Creole	hat_wikipedia_2021	407,268 words	Open
Hakka Chinese	hak_wikipedia_2021	38,241 words	Open
Halh Mongolian	khk_community_2017	297,485 words	Open
Hausa	hau_community_2017	915,277 words	Open
Hausa	hau_newscrawl_2011	109,123 words	Open
Hausa	hau_wikipedia_2021	917,180 words	Open
Hawaiian	haw_wikipedia_2021	57,535 words	Open
Hebrew	heb_news_2019	4,395,550 words	Open
Hebrew	heb_news_2020	21,858,661 words	Open
Hebrew	heb_wikipedia_2010	36,541,534 words	Open
Hebrew	heb_wikipedia_2021	56,529,658 words	Open
Hebrew	heb-il_web_2019	193,680,997 words	Open
Hindi	hin_news_2011	44,465,761 words	Open
Hindi	hin_news_2011_1M	18,844,689 words	Open
Hindi	hin_news_2019	9,913,776 words	Open
Hindi	hin_news_2020	28,369,709 words	Open
Hindi	hin_news_2022	28,314,734 words	Open
Hindi	hin_wikipedia_2021	21,954,628 words	Open
Hindi	hin-in_web_2019	268,174,378 words	Open
Hungarian	hun_news_2019	16,010,101 words	Open
Hungarian	hun_news_2020	25,940,709 words	Open
Hungarian	hun_news_2022	25,381,576 words	Open
Hungarian	hun_news_2023	30,815,527 words	Open
Hungarian	hun_news_2024	39,686,749 words	Open
Hungarian	hun_newscrawl_2011	166,948,041 words	Open
Hungarian	hun_newscrawl_2013_1M	15,289,765 words	Open
Hungarian	hun_newscrawl_2017	137,814,920 words	Open
Hungarian	hun_wikipedia_2021	45,360,536 words	Open
Hungarian	hun-hu_web_2019	409,453,406 words	Open
Hungarian	hun-ro_web_2019	104,177,106 words	Open
Icelandic	isl_mixed_2011	540,342,159 words	Open
Icelandic	isl_news_2019	1,079,419 words	Open
Icelandic	isl_news_2020	1,533,381 words	Open
Icelandic	isl_newscrawl_2019	12,638,568 words	Open
Icelandic	isl_web_2005	215,723,885 words	Open
Icelandic	isl_wikipedia_2021	3,638,376 words	Open
Icelandic	isl-is_web_2015	603,944,436 words	Open
Icelandic	isl-is_web_2019	626,882,757 words	Open
Icelandic	isl-is_web-public_2019	392,214,157 words	Open
Ido	ido_wikipedia_2007	1,035,389 words	Open
Ido	ido_wikipedia_2021	1,427,530 words	Open
Igbo	ibo_community_2017	135,318 words	Open
Igbo	ibo_wikipedia_2021	225,223 words	Open
Iloko	ilo_community_2017	380,310 words	Open
Iloko	ilo_web_2012	347,201 words	Open
Iloko	ilo_wikipedia_2021	583,464 words	Open
Indonesian	ind_mixed_2013	1,158,970,045 words	Open
Indonesian	ind_news_2019	48,999,782 words	Open
Indonesian	ind_news_2020	110,003,573 words	Open
Indonesian	ind_news_2022	87,827,147 words	Open
Indonesian	ind_news_2024	72,494,729 words	Open
Indonesian	ind_newscrawl_2016	27,535,354 words	Open
Indonesian	ind_wikipedia_2021	33,803,853 words	Open
Indonesian	ind-id_web-public_2017	342,609,484 words	Open
Ingush	inh_wikipedia_2021	18,641 words	Open
Interlingua	ina_wikipedia_2011	335,750 words	Open
Interlingua	ina_wikipedia_2021	547,423 words	Open
Iranian Persian	pes_community_2017	175,631,707 words	Open
Iranian Persian	pes_wikipedia_2021	48,934,847 words	Open
Iranian Persian	pes-ir_web_2019	579,341,404 words	Open
Irish	gle_wikipedia_2012	1,061,697 words	Open
Irish	gle_wikipedia_2021	1,292,139 words	Open
Irish	gle-ie_web_2019	20,832,700 words	Open
Italian	ita_news_2005-2009	388,593,021 words	Open
Italian	ita_news_2012_1M	19,605,041 words	Open
Italian	ita_news_2019	80,804,277 words	Open
Italian	ita_news_2020	160,444,420 words	Open
Italian	ita_news_2022	144,082,395 words	Open
Italian	ita_news_2024	157,346,494 words	Open
Italian	ita_newscrawl_2019	745,146,545 words	Open
Italian	ita_wikipedia_2021	134,939,566 words	Open
Italian	ita-it_web-public_2019	400,234,170 words	Open
Javanese	jav_community_2017	1,283,615 words	Open
Javanese	jav_wikipedia_2011	555,201 words	Open
Javanese	jav_wikipedia_2021	2,411,856 words	Open
Javanese	jav-bms_wikipedia_2021	174,982 words	Open
Kabardian	kbd_community_2017	89,065 words	Open
Kabardian	kbd_wikipedia_2012	66,895 words	Open
Kabardian	kbd_wikipedia_2021	78,819 words	Open
Kabiyè	kbp_wikipedia_2021	295,374 words	Open
Kabyle	kab_wikipedia_2012	69,442 words	Open
Kabyle	kab_wikipedia_2021	142,126 words	Open
Kalaallisut	kal_newscrawl_2011	451,752 words	Open
Kalaallisut	kal_wikipedia_2021	9,786 words	Open
Kalanga	kck_community_2019	14,415 words	Open
Kannada	kan_community_2017	1,351,383 words	Open
Kannada	kan_wikipedia_2011	4,852,177 words	Open
Kannada	kan_wikipedia_2021	8,779,066 words	Open
Kara-Kalpak	kaa_wikipedia_2012	86,336 words	Open
Kara-Kalpak	kaa_wikipedia_2021	127,681 words	Open
Karachay-Balkar	krc_wikipedia_2012	93,589 words	Open
Karachay-Balkar	krc_wikipedia_2021	106,639 words	Open
Kashmiri	kas_wikipedia_2021	4,939 words	Open
Kashubian	csb_news_2019	122,431 words	Open
Kashubian	csb_wikipedia_2012	55,946 words	Open
Kashubian	csb_wikipedia_2021	119,961 words	Open
Kazakh	kaz_news_2020	554,779 words	Open
Kazakh	kaz_wikipedia_2010	1,732,992 words	Open
Kazakh	kaz_wikipedia_2021	8,770,375 words	Open
Kazakh	kaz-kz_web_2019	202,155,257 words	Open
Kinyarwanda	kin_community_2017	995,464 words	Open
Kinyarwanda	kin_wikipedia_2021	39,043 words	Open
Kituba (Congo)	mkw_community_2017	1,577,045 words	Open
Kölsch	ksh_wikipedia_2012	206,844 words	Open
Kölsch	ksh_wikipedia_2021	216,728 words	Open
Komi	kom_wikipedia_2012	52,843 words	Open
Komi	kom_wikipedia_2021	110,138 words	Open
Komi-Permyak	koi_wikipedia_2012	100,418 words	Open
Komi-Permyak	koi_wikipedia_2021	78,941 words	Open
Koongo	kng_wikipedia_2021	1,543 words	Open
Kurdish	kur_community_2017	710,096 words	Open
Kurdish	kur_newscrawl_2011	1,083,525 words	Open
Kurdish	kur_wikipedia_2021	460 words	Open
Kyrgyz	kir_community_2017	3,679,283 words	Open
Kyrgyz	kir_news_2020	18,868 words	Open
Kyrgyz	kir_newscrawl_2011	1,750,129 words	Open
Kyrgyz	kir_wikipedia_2021	3,988,505 words	Open
Kyrgyz	kir-kg_web_2019	35,457,767 words	Open
Ladino	lad_wikipedia_2012	128,003 words	Open
Ladino	lad_wikipedia_2021	213,407 words	Open
Lak	lbe_wikipedia_2012	13,392 words	Open
Lak	lbe_wikipedia_2021	9,974 words	Open
Lao	lao_community_2017	192,093 words	Open
Lao	lao_news_2020	12,834 words	Open
Lao	lao_newscrawl_2011	9,039 words	Open
Lao	lao_wikipedia_2021	20,778 words	Open
Latgalian	ltg_wikipedia_2012	36,278 words	Open
Latgalian	ltg_wikipedia_2021	38,863 words	Open
Latin	lat_wikipedia_2007	595,853 words	Open
Latin	lat_wikipedia_2012_100K	1,365,536 words	Open
Latin	lat_wikipedia_2016	3,274,196 words	Open
Latin	lat_wikipedia_2021	1,635,941 words	Open
Latvian	lav_news_2019	3,174,719 words	Open
Latvian	lav_news_2020	5,658,659 words	Open
Latvian	lav_wikipedia_2007	996,507 words	Open
Leonese	ast_wikipedia_2011	1,084,389 words	Open
Leonese	ast_wikipedia_2018_300K	6,035,133 words	Open
Leonese	ast_wikipedia_2021	24,679,312 words	Open
Ligurian	lij_wikipedia_2012	63,263 words	Open
Ligurian	lij_wikipedia_2021	272,466 words	Open
Limburgish	lim_community_2017	1,348,978 words	Open
Limburgish	lim_wikipedia_2012	1,054,653 words	Open
Limburgish	lim_wikipedia_2021	1,582,324 words	Open
Limburgish	lim-nl_web_2019	489,397 words	Open
Lingala	lin_wikipedia_2012	38,763 words	Open
Lingala	lin_wikipedia_2021	46,517 words	Open
Lithuanian	lit_news_2019	9,909,662 words	Open
Lithuanian	lit_news_2020	15,426,022 words	Open
Lithuanian	lit_newscrawl_2011	63,969,979 words	Open
Lithuanian	lit_wikipedia_2021	7,489,782 words	Open
Lombard	lmo_wikipedia_2014	1,038,843 words	Open
Lombard	lmo_wikipedia_2021	1,278,047 words	Open
Low Saxon	nds_wikipedia_2012	2,625,005 words	Open
Low Saxon	nds_wikipedia_2021	3,852,588 words	Open
Low Saxon	nds-nl_wikipedia_2021	277,157 words	Open
Lower Sorbian	dsb_wikipedia_2012	53,869 words	Open
Lower Sorbian	dsb_wikipedia_2021	114,144 words	Open
Lumbu	lup_community_2017	70,914 words	Open
Lumbu	lup_web_2017	92,750 words	Open
Lushai	lus_news_2020	2,164,092 words	Open
Lushai	lus_newscrawl_2011	1,086,639 words	Open
Luxembourgish	ltz_wikipedia_2007	1,087,893 words	Open
Luxembourgish	ltz_wikipedia_2021	2,289,126 words	Open
Macedo-Romanian	rup_wikipedia_2012	31,471 words	Open
Macedo-Romanian	rup_wikipedia_2021	19,947 words	Open
Macedonian	mkd_community_2017	33,222,736 words	Open
Macedonian	mkd_news_2019	1,660,508 words	Open
Macedonian	mkd_news_2020	2,480,776 words	Open
Macedonian	mkd_news-sdk_1991-2021	7,573,136 words	Open
Macedonian	mkd_wikipedia_2010	5,311,247 words	Open
Macedonian	mkd_wikipedia_2021	14,940,497 words	Open
Macedonian	mkd-mk_web_2019	421,572,140 words	Open
Madurese	mad_wikipedia_2021	3,378 words	Open
Maithili	mai_wikipedia_2021	273,735 words	Open
Malagasy	mlg_community_2017	988,348 words	Open
Malagasy	mlg_web_2012	1,483,400 words	Open
Malay (macrolanguage)	msa_community_2017	13,202,344 words	Open
Malay (macrolanguage)	msa_news_2019	2,344,594 words	Open
Malay (macrolanguage)	msa_newscrawl_2011	4,306,701 words	Open
Malay (macrolanguage)	msa_wikipedia_2021	14,715,270 words	Open
Malay (macrolanguage)	msa-in_web_2015	1,255,145 words	Open
Malay (macrolanguage)	msa-sg_web_2019	3,954,466 words	Open
Malayalam	mal_community_2017	5,890,200 words	Open
Malayalam	mal_newscrawl_2011	2,116,964 words	Open
Malayalam	mal_wikipedia_2021	7,006,811 words	Open
Maldivian	div_news_2019	552,684 words	Open
Maldivian	div_news_2020	128 words	Open
Maldivian	div_newscrawl_2011	2,056,077 words	Open
Maldivian	div_wikipedia_2021	436,632 words	Open
Maltese	mlt_news_2020	833,111 words	Open
Maltese	mlt_newscrawl_2011	388,708 words	Open
Maltese	mlt_wikipedia_2021	1,063,671 words	Open
Mandarin Chinese	cmn_wikipedia_2012	2,214,245 words	Open
Mandarin Chinese	cmn-cn_web_2019	2,777,775 words	Open
Manx	glv_wikipedia_2012	202,805 words	Open
Manx	glv_wikipedia_2021	259,309 words	Open
Maori	mri_web_2011	2,283,754 words	Open
Maori	mri_wikipedia_2021	61,178 words	Open
Marathi	mar_news_2010	4,794,550 words	Open
Marathi	mar_news_2019	3,044,384 words	Open
Marathi	mar_news_2020	7,198,249 words	Open
Marathi	mar_wikipedia_2021	4,353,713 words	Open
Marathi	mar-in_web_2019	20,115,381 words	Open
Marshallese	mah_wikipedia_2021	249 words	Open
Mazanderani	mzn_community_2017	382,899 words	Open
Mazanderani	mzn_wikipedia_2012	186,350 words	Open
Mazanderani	mzn_wikipedia_2021	430,190 words	Open
Min Dong Chinese	cdo_wikipedia_2012	39,053 words	Open
Min Dong Chinese	cdo_wikipedia_2021	51,375 words	Open
Min Nan Chinese	nan_wikipedia_2011	260,355 words	Open
Min Nan Chinese	nan_wikipedia_2021	679,952 words	Open
Minangkabau	min_community_2017	1,635,362 words	Open
Minangkabau	min_wikipedia_2014	1,588,408 words	Open
Minangkabau	min_wikipedia_2021	2,129,943 words	Open
Mingrelian	xmf_wikipedia_2012	106,595 words	Open
Mingrelian	xmf_wikipedia_2021	432,769 words	Open
Mingrelian	xmf-ge_web_2017	192,486 words	Open
Mirandese	mwl_wikipedia_2012	694,021 words	Open
Mirandese	mwl_wikipedia_2021	1,440,246 words	Open
Modern Greek	ell_news_2013	12,746,573 words	Open
Modern Greek	ell_news_2016	14,916,689 words	Open
Modern Greek	ell_news_2017	17,091,195 words	Open
Modern Greek	ell_news_2018	11,080,095 words	Open
Modern Greek	ell_news_2019	21,788,213 words	Open
Modern Greek	ell_news_2020	41,081,754 words	Open
Modern Greek	ell_news_2021	34,795,410 words	Open
Modern Greek	ell_news_2022	36,448,435 words	Open
Modern Greek	ell_news_2023	37,535,095 words	Open
Modern Greek	ell_news_2024	50,813,154 words	Open
Modern Greek	ell_newscrawl_2013_1M	18,612,389 words	Open
Modern Greek	ell_wikipedia_2021	30,331,834 words	Open
Modern Greek (1453-)	ell_newscrawl_2011	75,049,661 words	Open
Moksha	mdf_wikipedia_2012	41,176 words	Open
Moksha	mdf_wikipedia_2021	38,411 words	Open
Mongolian	mon_news_2011	3,705,475 words	Open
Mongolian	mon_news_2019	1,403,103 words	Open
Mongolian	mon_news_2020	2,369,734 words	Open
Mongolian	mon_wikipedia_2021	2,385,757 words	Open
Mongolian	mon-cyr_newscrawl_2011	5,162,299 words	Open
Nahuatl	nah_wikipedia_2011	58,617 words	Open
Nahuatl	nah_wikipedia_2021	56,511 words	Open
Nauru	nau_wikipedia_2021	1,281 words	Open
Navajo	nav_wikipedia_2012	100,512 words	Open
Navajo	nav_wikipedia_2021	228,943 words	Open
Ndonga	ndo_community_2017	280,597 words	Open
Ndonga	ndo_wikipedia_2021	590 words	Open
Neapolitan	nap_wikipedia_2014	172,804 words	Open
Neapolitan	nap_wikipedia_2021	146,545 words	Open
Neapolitan	nap-tara_wikipedia_2021	239,843 words	Open
Nepali	nep_community_2017	29,489,392 words	Open
Nepali	nep_news_2010	11,029,434 words	Open
Nepali	nep_news_2010_10K	144,897 words	Open
Nepali	nep_news_2010_300K	4,343,416 words	Open
Nepali	nep_news_2019	1,625,468 words	Open
Nepali	nep_news_2020	4,472,897 words	Open
Nepali	nep_wikipedia_2021	2,675,799 words	Open
Newari	new_wikipedia_2009	367,115 words	Open
Newari	new_wikipedia_2021	342,696 words	Open
Nias	nia_wikipedia_2021	89,451 words	Open
North Ndebele	nde-zw_web_2019	2,267 words	Open
Northern Frisian	frr_wikipedia_2012	75,223 words	Open
Northern Frisian	frr_wikipedia_2021	212,695 words	Open
Northern Sami	sme_wikipedia_2012	52,298 words	Open
Northern Sami	sme_wikipedia_2021	115,042 words	Open
Northern Uzbek	uzn-cyr_newscrawl_2011	1,780,928 words	Open
Northern Uzbek	uzn-lat_newscrawl_2011	679,765 words	Open
Northern Uzbek	uzn-uz_web_2019	84,781,846 words	Open
Norwegian	nor_community_2017	838,176 words	Open
Norwegian	nor_news_2019	2,576,282 words	Open
Norwegian	nor_news_2020	4,415,551 words	Open
Norwegian	nor_news_2022	5,152,897 words	Open
Norwegian	nor_wikipedia_2021	20,275,269 words	Open
Norwegian Bokmål	nob_newscrawl_2019	218,826,233 words	Open
Norwegian Bokmål	nob_web_2002	82,583,201 words	Open
Norwegian Bokmål	nob-no_news_2015	275,523,827 words	Open
Norwegian Nynorsk	nno_wikipedia_2007	2,480,071 words	Open
Norwegian Nynorsk	nno_wikipedia_2021	8,915,068 words	Open
Novial	nov_wikipedia_2012	35,128 words	Open
Novial	nov_wikipedia_2021	39,655 words	Open
Occidental	ile_wikipedia_2012	27,104 words	Open
Occidental	ile_wikipedia_2021	171,658 words	Open
Occitan (post 1500)	oci_community_2017	3,163,934 words	Open
Occitan (post 1500)	oci_wikipedia_2007	292,252 words	Open
Occitan (post 1500)	oci_wikipedia_2021	3,973,534 words	Open
Oirat	xal_wikipedia_2012	21,192 words	Open
Oirat	xal_wikipedia_2021	23,008 words	Open
Old English	ang_wikipedia_2012	91,790 words	Open
Old English	ang_wikipedia_2021	105,301 words	Open
Old Norse	non_web_2012	1,138,135 words	Open
Oriya	ori_community_2017	432,340 words	Open
Oriya	ori_wikipedia_2012	53,483 words	Open
Oriya	ori_wikipedia_2021	1,862,559 words	Open
Oromo	orm_wikipedia_2012	23,995 words	Open
Oromo	orm_wikipedia_2021	155,284 words	Open
Ossetic	oss_wikipedia_2011	207,733 words	Open
Ossetic	oss_wikipedia_2021	202,757 words	Open
Pampanga	pam_community_2017	287,248 words	Open
Pampanga	pam_wikipedia_2011	246,878 words	Open
Pampanga	pam_wikipedia_2021	143,714 words	Open
Pangasinan	pag_community_2017	56,226 words	Open
Pangasinan	pag_wikipedia_2012	28,688 words	Open
Pangasinan	pag_wikipedia_2021	31,280 words	Open
Papiamento	pap_news_2020	2,157,296 words	Open
Papiamento	pap_newscrawl_2011	6,038,276 words	Open
Papiamento	pap_wikipedia_2021	151,438 words	Open
Pashto	pus_news_2020	2,792,546 words	Open
Pashto	pus_newscrawl_2011	3,711,026 words	Open
Pashto	pus_wikipedia_2021	1,554,179 words	Open
Pennsylvania German	pdc_wikipedia_2007	52,635 words	Open
Pennsylvania German	pdc_wikipedia_2021	35,399 words	Open
Persian	fas_news_2008	5,074,126 words	Open
Persian	fas_news_2009	3,880,497 words	Open
Persian	fas_news_2010	12,494,380 words	Open
Persian	fas_news_2011	9,372,566 words	Open
Persian	fas_news_2012	4,903,375 words	Open
Persian	fas_news_2013	6,191,099 words	Open
Persian	fas_news_2016	9,580,487 words	Open
Persian	fas_news_2017	9,023,664 words	Open
Persian	fas_news_2018	6,622,014 words	Open
Persian	fas_news_2019	10,510,540 words	Open
Persian	fas_news_2020	20,314,688 words	Open
Persian	fas_news_2021	21,398,960 words	Open
Persian	fas_news_2022	25,444,997 words	Open
Persian	fas_news_2023	22,847,350 words	Open
Persian	fas_news_2024	23,154,515 words	Open
Persian	fas_newscrawl_2011	190,300,110 words	Open
Persian	fas_newscrawl_2015	189,268,660 words	Open
Persian	fas_newscrawl_2019	64,199,054 words	Open
Persian	fas-ir_web-public_2019	308,147,531 words	Open
Pfaelzisch	pfl_wikipedia_2012	150,460 words	Open
Pfaelzisch	pfl_wikipedia_2021	217,251 words	Open
Picard	pcd_wikipedia_2012	37,490 words	Open
Picard	pcd_wikipedia_2021	102,642 words	Open
Piemontese	pms_wikipedia_2011	935,743 words	Open
Piemontese	pms_wikipedia_2021	814,035 words	Open
Plateau Malagasy	plt_wikipedia_2021	1,498,407 words	Open
Polish	pol_news_2011_1M	13,940,124 words	Open
Polish	pol_news_2013	38,310,056 words	Open
Polish	pol_news_2016	44,449,206 words	Open
Polish	pol_news_2017	40,719,694 words	Open
Polish	pol_news_2018	20,039,958 words	Open
Polish	pol_news_2019	30,004,926 words	Open
Polish	pol_news_2020	27,245,867 words	Open
Polish	pol_news_2021	25,705,247 words	Open
Polish	pol_news_2022	40,421,138 words	Open
Polish	pol_news_2023	53,121,381 words	Open
Polish	pol_news_2024	45,556,472 words	Open
Polish	pol_newscrawl_2011	92,788,531 words	Open
Polish	pol_wikipedia_2021	61,868,698 words	Open
Pontic	pnt_wikipedia_2021	21,375 words	Open
Portuguese	por_news_2013_1M	18,365,566 words	Open
Portuguese	por_news_2019	87,752,251 words	Open
Portuguese	por_news_2020	143,566,147 words	Open
Portuguese	por_news_2022	136,884,008 words	Open
Portuguese	por_news_2023	140,597,377 words	Open
Portuguese	por_news_2024	126,793,953 words	Open
Portuguese	por_newscrawl_2018	630,364,206 words	Open
Portuguese	por_wikipedia_2021	85,981,395 words	Open
Portuguese	por-br_newscrawl_2011	491,945,910 words	Open
Portuguese	por-mo_newscrawl_2011	8,806,627 words	Open
Portuguese	por-pt_newscrawl_2011	54,550,439 words	Open
Punjabi	pan_newscrawl_2011	11,165,780 words	Open
Punjabi	pan_wikipedia_2021	5,968,822 words	Open
Quechua	que_community_2017	198,006 words	Open
Quechua	que_wikipedia_2014	179,564 words	Open
Quechua	que_wikipedia_2021	70,860 words	Open
Romanian	ron_news_2011_300K	5,205,191 words	Open
Romanian	ron_news_2019	52,263,623 words	Open
Romanian	ron_news_2020	78,799,432 words	Open
Romanian	ron_news_2022	95,241,580 words	Open
Romanian	ron_news_2024	117,347,048 words	Open
Romanian	ron_newscrawl_2011	121,631,359 words	Open
Romanian	ron_wikipedia_2021	28,327,655 words	Open
Romansh	roh_newscrawl_2011	64,148 words	Open
Romansh	roh_wikipedia_2021	1,730,791 words	Open
Romany	rom_news_2020	21,961 words	Open
Romany	rom_wikipedia_2012	22,629 words	Open
Romany	rom_wikipedia_2021	11,352 words	Open
Rundi	run_community_2017	320,145 words	Open
Rundi	run_wikipedia_2021	9,786 words	Open
Russian	rus_mixed_2013	1,705,864,300 words	Open
Russian	rus_news_2013_1M	16,210,890 words	Open
Russian	rus_news_2019	111,778,209 words	Open
Russian	rus_news_2020	181,049,598 words	Open
Russian	rus_news_2022	137,492,409 words	Open
Russian	rus_news_2024	125,392,368 words	Open
Russian	rus_newscrawl-public_2018	340,327,100 words	Open
Russian	rus_wikipedia_2010	59,532,885 words	Open
Russian	rus_wikipedia_2011	78,023,548 words	Open
Russian	rus_wikipedia_2021	137,250,425 words	Open
Russian	rus-kg_web_2019	174,755,955 words	Open
Russian	rus-kz_web_2019	503,524,295 words	Open
Russian	rus-ru_web-public_2019	306,502,036 words	Open
Russian	rus-su_web_2019	448,741,612 words	Open
Russian	rus-tj_web_2019	52,141,278 words	Open
Russian	rus-ua_web_2019	462,408,583 words	Open
Russian	rus-uz_web_2019	177,569,949 words	Open
Rusyn	rue_wikipedia_2010	26,950 words	Open
Rusyn	rue_wikipedia_2021	176,276 words	Open
Sami	smi_news_2020	283,816 words	Open
Sami	smi_newscrawl_2011	13,017 words	Open
Samoan	smo_wikipedia_2012	16,485 words	Open
Samoan	smo_wikipedia_2021	55,029 words	Open
Samogitian	sgs_wikipedia_2011	128,767 words	Open
Samogitian	sgs_wikipedia_2021	129,647 words	Open
Sango	sag_wikipedia_2021	2,837 words	Open
Sanskrit	san_newscrawl_2011	4,492 words	Open
Sanskrit	san_wikipedia_2021	1,468,919 words	Open
Sardinian	srd_wikipedia_2012	148,087 words	Open
Sardinian	srd_wikipedia_2021	560,782 words	Open
Scots	sco_wikipedia_2011	640,622 words	Open
Scottish Gaelic	gla_wikipedia_2007	114,802 words	Open
Scottish Gaelic	gla_wikipedia_2021	60,316 words	Open
Sepedi	nso_mixed_2013	209,435 words	Open
Sepedi	nso_wikipedia_2021	18,866 words	Open
Sepedi	nso-za_web_2013	80,399 words	Open
Sepedi	nso-za_web_2018_10K	211,034 words	Open
Seraiki	skr_wikipedia_2021	106,389 words	Open
Serbian	srp_news_2019	747,240 words	Open
Serbian	srp_news_2020	406,766 words	Open
Serbian	srp_news_2022	1,241,582 words	Open
Serbian	srp_wikipedia_2021	25,624,551 words	Open
Serbo-Croatian	hbs_wikipedia_2021	14,657,590 words	Open
Serbo-Croatian	hbs-ba_wikipedia_2007	1,743,163 words	Open
Serbo-Croatian	hbs-hr_newscrawl_2011	40,877,828 words	Open
Serbo-Croatian	hbs-rs_wikipedia_2010	3,485,704 words	Open
Shona	sna_community_2017	669,508 words	Open
Shona	sna_wikipedia_2021	71,377 words	Open
Shona	sna-zw_newscrawl_2013	750,610 words	Open
Shona	sna-zw_web_2016	1,088,149 words	Open
Shona	sna-zw_web_2018_100K	1,386,958 words	Open
Shona	sna-zw_web_2019	41,249 words	Open
Sicilian	scn_wikipedia_2011	595,822 words	Open
Sicilian	scn_wikipedia_2021	582,831 words	Open
Silesian	szl_wikipedia_2012	80,899 words	Open
Silesian	szl_wikipedia_2021	484,530 words	Open
Sindhi	snd_community_2017	120,665 words	Open
Sindhi	snd_wikipedia_2012	155,314 words	Open
Sindhi	snd_wikipedia_2021	2,152,208 words	Open
Sinhalese	sin_community_2017	5,440,746 words	Open
Sinhalese	sin_wikipedia_2011	1,759,822 words	Open
Sinhalese	sin_wikipedia_2021	4,042,709 words	Open
Slovak	slk_news_2019	1,281,488 words	Open
Slovak	slk_news_2020	4,248,135 words	Open
Slovak	slk_newscrawl_2011	66,438,588 words	Open
Slovak	slk_wikipedia_2021	11,459,360 words	Open
Slovenian	slv_news_2019	10,281,347 words	Open
Slovenian	slv_news_2020	18,105,278 words	Open
Slovenian	slv_newscrawl_2011	56,652,535 words	Open
Slovenian	slv_wikipedia_2021	17,088,434 words	Open
Somali	som_community_2017	3,895,603 words	Open
Somali	som_news_2019	421,573 words	Open
Somali	som_news_2020	505,347 words	Open
Somali	som_newscrawl_2011	2,846,370 words	Open
Somali	som_wikipedia_2021	425,324 words	Open
South Azerbaijani	azb_wikipedia_2021	1,791 words	Open
Southern Altai	alt_wikipedia_2021	31,348 words	Open
Southern Sotho	sot_community_2017	212,421 words	Open
Southern Sotho	sot_web_2012	12,310 words	Open
Southern Sotho	sot_wikipedia_2021	44,548 words	Open
Southern Sotho	sot-za_web_2013	136,441 words	Open
Southern Sotho	sot-za_web_2018_10K	210,346 words	Open
Spanish	spa_news_2011_3M	65,290,575 words	Open
Spanish	spa_news_2019	250,685,498 words	Open
Spanish	spa_news_2020	425,476,198 words	Open
Spanish	spa_news_2021	412,024,642 words	Open
Spanish	spa_news_2022	414,765,836 words	Open
Spanish	spa_news_2023	444,384,507 words	Open
Spanish	spa_news_2024	426,515,554 words	Open
Spanish	spa_news_2025	606,411,259 words	Open
Spanish	spa_newscrawl_2011	378,239,934 words	Open
Spanish	spa_newscrawl-public_2019	544,728,653 words	Open
Spanish	spa_wikipedia_2021	191,218,783 words	Open
Sranan Tongo	srn_wikipedia_2021	14,286 words	Open
Standard Estonian	ekk_wikipedia_2012	4,552,661 words	Open
Standard Estonian	ekk_wikipedia_2021	7,138,781 words	Open
Standard Latvian	lvs_wikipedia_2021	3,828,366 words	Open
Sundanese	sun_community_2017	759,860 words	Open
Sundanese	sun_wikipedia_2007	287,373 words	Open
Sundanese	sun_wikipedia_2021	1,004,095 words	Open
Swahili	swh_wikipedia_2011	1,368,685 words	Open
Swahili	swh-tz_web_2013	16,278,388 words	Open
Swahili	swh-tz_web_2019	11,275,101 words	Open
Swahili (macrolanguage)	swa_community_2017	5,509,379 words	Open
Swahili (macrolanguage)	swa_news_2019	808,204 words	Open
Swahili (macrolanguage)	swa_news_2020	887,370 words	Open
Swahili (macrolanguage)	swa_newscrawl_2011	2,363,753 words	Open
Swahili (macrolanguage)	swa_wikipedia_2021	1,768,267 words	Open
Swati	ssw_wikipedia_2021	11,721 words	Open
Swedish	swe_news_2012_300K	4,076,731 words	Open
Swedish	swe_news_2019	20,865,421 words	Open
Swedish	swe_news_2020	38,321,944 words	Open
Swedish	swe_news_2022	27,786,153 words	Open
Swedish	swe_news_2023	27,483,615 words	Open
Swedish	swe_newscrawl_2018	442,900,305 words	Open
Swedish	swe_web_2002	103,150,150 words	Open
Swedish	swe_wikipedia_2021	58,579,938 words	Open
Swedish	swe-fi_web_2019	29,804,151 words	Open
Swedish	swe-se_web_2019	658,665,064 words	Open
Swiss German	gsw_wikipedia_2012	2,188,289 words	Open
Swiss German	gsw_wikipedia_2021	3,682,463 words	Open
Tagalog	tgl_community_2017	18,226,369 words	Open
Tagalog	tgl_news_2019	1,119,847 words	Open
Tagalog	tgl_news_2020	1,668,320 words	Open
Tagalog	tgl_newscrawl_2011	9,734,472 words	Open
Tagalog	tgl_newscrawl_2013_300K	5,592,815 words	Open
Tagalog	tgl_wikipedia_2021	3,336,217 words	Open
Tahitian	tah_wikipedia_2021	1,939 words	Open
Tajik	tgk_community_2017	12,136,208 words	Open
Tajik	tgk_newscrawl_2011	3,298,704 words	Open
Tajik	tgk_wikipedia_2021	2,120,984 words	Open
Tajik	tgk-tj_web_2019	42,299,507 words	Open
Tamil	tam_community_2017	17,208,527 words	Open
Tamil	tam_news_2019	1,231,698 words	Open
Tamil	tam_news_2020	1,990,125 words	Open
Tamil	tam_newscrawl_2011	14,076,569 words	Open
Tamil	tam_wikipedia_2021	11,526,129 words	Open
Tamil	tam-in_web_2019	25,550,018 words	Open
Tarantino	roa-tara_wikipedia_2012	220,045 words	Open
Tatar	tat_community_2017	23,580,879 words	Open
Tatar	tat_mixed_2015	29,174,475 words	Open
Tatar	tat_news_2005-2011	12,140,364 words	Open
Tatar	tat_web_2018	101,112,192 words	Open
Tatar	tat_web_2018_1M	12,061,519 words	Open
Tatar	tat_web_2019	88,006,528 words	Open
Tatar	tat_wikipedia_2021	2,442,092 words	Open
Telugu	tel_community_2017	11,692,963 words	Open
Telugu	tel_news_2019	756,403 words	Open
Telugu	tel_news_2020	1,780,034 words	Open
Telugu	tel_newscrawl_2011	3,418,436 words	Open
Telugu	tel_wikipedia_2021	8,206,262 words	Open
Telugu	tel-in_web_2019	7,544,272 words	Open
Tetum	tet_wikipedia_2012	28,325 words	Open
Tetum	tet_wikipedia_2021	70,231 words	Open
Thai	tha_community_2017	521,406 words	Open
Thai	tha_news_2019	46,858 words	Open
Thai	tha_news_2020	252,859 words	Open
Thai	tha_newscrawl_2011	2,523,166 words	Open
Thai	tha_newscrawl_2018	12,725,303 words	Open
Thai	tha_wikipedia_2021	169,376 words	Open
Thai	tha-th_web_2018	7,259,943 words	Open
Tibetan	bod_community_2017	24,829 words	Open
Tibetan	bod_wikipedia_2012	19,833 words	Open
Tibetan	bod_wikipedia_2021	4,386 words	Open
Tigrinya	tir_wikipedia_2012	7,318 words	Open
Tigrinya	tir_wikipedia_2021	18,978 words	Open
tlhIngan-Hol	tlh_wikia_2011	2,912 words	Open
Tok Pisin	tpi_newscrawl_2011	5,184 words	Open
Tok Pisin	tpi_wikipedia_2021	11,063 words	Open
Tonga (Tonga Islands)	ton_wikipedia_2012	41,136 words	Open
Tonga (Tonga Islands)	ton_wikipedia_2021	57,690 words	Open
Tosk Albanian	als-al_web_2015	31,761,732 words	Open
Tsonga	tso_community_2017	213,120 words	Open
Tsonga	tso_wikipedia_2021	55,924 words	Open
Tsonga	tso-za_web_2018_10K	192,508 words	Open
Tswana	tsn_community_2017	623,868 words	Open
Tswana	tsn_web_2013	115,805 words	Open
Tswana	tsn_wikipedia_2021	105,859 words	Open
Tswana	tsn-za_web_2019	143,660 words	Open
Tulu	tcy_wikipedia_2018	139,280 words	Open
Tumbuka	tum_wikipedia_2021	6,320 words	Open
Turkish	tur_news_2005	13,208,383 words	Open
Turkish	tur_news_2019	49,426,291 words	Open
Turkish	tur_news_2020	66,401,824 words	Open
Turkish	tur_news_2022	65,667,970 words	Open
Turkish	tur_news_2023	67,649,431 words	Open
Turkish	tur_news_2024	71,304,217 words	Open
Turkish	tur_newscrawl_2013_1M	13,352,290 words	Open
Turkish	tur_newscrawl_2018	196,755,686 words	Open
Turkish	tur_wikipedia_2021	30,073,415 words	Open
Turkish	tur-tr_web_2019	707,777,710 words	Open
Turkmen	tuk_wikipedia_2021	730,941 words	Open
Turkmen	tuk-latn_web_2012	194,724 words	Open
Turkmen	tuk-tm_web_2019	4,372,166 words	Open
Tuvinian	tyv_wikipedia_2021	300,920 words	Open
Udmurt	udm_wikipedia_2012	65,145 words	Open
Udmurt	udm_wikipedia_2021	78,684 words	Open
Ukrainian	ukr_mixed_2014	1,595,079,695 words	Open
Ukrainian	ukr_news_2019	14,577,118 words	Open
Ukrainian	ukr_news_2020	21,482,585 words	Open
Ukrainian	ukr_news_2022	30,794,352 words	Open
Ukrainian	ukr_news_2023	35,781,765 words	Open
Ukrainian	ukr_news_2024	37,694,854 words	Open
Ukrainian	ukr_newscrawl_2011_1M	15,157,563 words	Open
Ukrainian	ukr_newscrawl_2018	248,720,402 words	Open
Ukrainian	ukr_wikipedia_2021	80,185,587 words	Open
Ukrainian	ukr-ua_web_2019	977,603,865 words	Open
unknown	bih_wikipedia_2012	56,945 words	Open
unknown	bih_wikipedia_2018_10K	159,485 words	Open
unknown	bih_wikipedia_2021	441,671 words	Open
Upper Sorbian	hsb_mixed_2012	7,312,201 words	Open
Upper Sorbian	hsb_news_1999	3,084,139 words	Open
Upper Sorbian	hsb_wikipedia_2021	344,675 words	Open
Urdu	urd_news_2007	1,689,786 words	Open
Urdu	urd_news_2013_1M	24,398,236 words	Open
Urdu	urd_news_2019	632,828 words	Open
Urdu	urd_news_2020	1,579,227 words	Open
Urdu	urd_wikipedia_2021	12,885,074 words	Open
Urdu	urd-pk_web_2019	192,587,997 words	Open
Uyghur	uig_community_2017	901,468 words	Open
Uyghur	uig_newscrawl_2011	514,410 words	Open
Uyghur	uig_wikipedia_2021	1,145,381 words	Open
Uzbek	uzb_community_2017	8,879,622 words	Open
Uzbek	uzb_news_2020	1,263,737 words	Open
Uzbek	uzb_newscrawl_2011	3,616,684 words	Open
Uzbek	uzb_wikipedia_2021	3,413,184 words	Open
Venda	ven_community_2017	159,831 words	Open
Venda	ven_wikipedia_2012	8,550 words	Open
Venda	ven_wikipedia_2021	15,907 words	Open
Venetian	vec_wikipedia_2011	503,944 words	Open
Venetian	vec_wikipedia_2021	650,369 words	Open
Vietnamese	vie_mixed_2014	1,632,953,572 words	Open
Vietnamese	vie_news_2019	21,440,519 words	Open
Vietnamese	vie_news_2020	36,852,685 words	Open
Vietnamese	vie_news_2022	42,011,792 words	Open
Vietnamese	vie_newscrawl_2013_1M	24,347,180 words	Open
Vietnamese	vie_wikipedia_2021	63,840,369 words	Open
Vlaams	vls_community_2017	581,551 words	Open
Vlaams	vls_wikipedia_2012	514,347 words	Open
Vlaams	vls_wikipedia_2021	608,315 words	Open
Volapük	vol_wikipedia_2021	3,689,220 words	Open
Võro	vro_wikipedia_2021	124,346 words	Open
Walloon	wln_wikipedia_2012	631,234 words	Open
Walloon	wln_wikipedia_2021	449,692 words	Open
Waray (Philippines)	war_community_2017	11,683,506 words	Open
Waray (Philippines)	war_wikipedia_2011	154,440 words	Open
Waray (Philippines)	war_wikipedia_2021	164,799 words	Open
Wayana	way_wikipedia_2021	94 words	Open
Welsh	cym_wikipedia_2007	649,747 words	Open
Welsh	cym_wikipedia_2021	4,125,409 words	Open
West Central Oromo	gaz_web_2012	300,144 words	Open
Western Frisian	fry_news_2020	1,541,990 words	Open
Western Frisian	fry_newscrawl_2011	26,832 words	Open
Western Frisian	fry_wikipedia_2021	4,610,308 words	Open
Western Mari	mrj_wikipedia_2011	110,894 words	Open
Western Mari	mrj_wikipedia_2021	127,677 words	Open
Western Panjabi	pnb_community_2017	991,803 words	Open
Western Panjabi	pnb_wikipedia_2011	486,191 words	Open
Western Panjabi	pnb_wikipedia_2021	13,228,766 words	Open
Wolof	wol_community_2017	221,445 words	Open
Wolof	wol_wikipedia_2012	125,459 words	Open
Wolof	wol_wikipedia_2021	161,895 words	Open
Xhosa	xho_community_2017	326,126 words	Open
Xhosa	xho_community_2019	788,344 words	Open
Xhosa	xho_wikipedia_2021	82,171 words	Open
Xhosa	xho-za_web_2013	511,319 words	Open
Xhosa	xho-za_web_2018_30K	434,652 words	Open
Xhosa	xho-za_web_2019	108,995 words	Open
Yakut	sah_wikipedia_2011	262,957 words	Open
Yakut	sah_wikipedia_2021	1,153,200 words	Open
Yiddish	yid_wikipedia_2011	866,503 words	Open
Yiddish	yid_wikipedia_2021	1,202,743 words	Open
Yoruba	yor_community_2017	183,677 words	Open
Yoruba	yor_web_2019	226,465 words	Open
Yoruba	yor_wikipedia_2011	180,044 words	Open
Yoruba	yor_wikipedia_2021	405,029 words	Open
Zeeuws	zea_wikipedia_2012	80,969 words	Open
Zeeuws	zea_wikipedia_2021	222,859 words	Open
Zhuang	zha_wikipedia_2012	7,204 words	Open
Zulu	zul_community_2017	1,896,737 words	Open
Zulu	zul_mixed_2013	1,403,082 words	Open
Zulu	zul_mixed_2014	2,460,863 words	Open
Zulu	zul_mixed_2016	2,858,155 words	Open
Zulu	zul_mixed_2019	15,090,331 words	Open
Zulu	zul_wikipedia_2021	62,196 words	Open
Zulu	zul-za_web_2018_30K	387,939 words	Open
Zulu	zul-za_web_2019	562,955 words	Open